206.49.217.120;1,581;3,004;21.83 MB;28 Aug 2014 - 10:43
190.208.19.35;254;1,6;4.08 MB;26 Aug 2014 - 13:43
201.214.40.2;224;1,178;3.17 MB;21 Aug 2014 - 09:34
190.215.197.231;206;1,455;3.69 MB;20 Aug 2014 - 22:31
193.66.174.253;145;609;6.49 MB;30 Aug 2014 - 03:44
90.231.16.226;144;703;5.03 MB;27 Aug 2014 - 14:04
193.166.253.30;143;1,206;19.21 MB;30 Aug 2014 - 17:17
137.163.145.226;142;1,429;25.16 MB;30 Aug 2014 - 03:41
85.226.144.16;124;660;7.58 MB;28 Aug 2014 - 06:56
170.252.72.61;113;450;2.58 MB;28 Aug 2014 - 05:55
89.27.8.149;97;350;4.84 MB;26 Aug 2014 - 05:37
89.100.136.171;93;428;3.48 MB;23 Aug 2014 - 14:27
83.183.138.167;92;452;2.08 MB;29 Aug 2014 - 07:57
212.246.151.62;83;161;3.60 MB;29 Aug 2014 - 05:24
37.157.0.2;82;453;4.93 MB;27 Aug 2014 - 05:02
46.30.132.232;81;370;2.26 MB;29 Aug 2014 - 08:43
88.131.59.244;80;937;26.37 MB;27 Aug 2014 - 03:14
81.230.206.8;79;607;10.25 MB;29 Aug 2014 - 10:49
81.209.83.254;76;234;3.48 MB;29 Aug 2014 - 07:38
88.192.253.212;75;230;1.61 MB;30 Aug 2014 - 08:00
31.211.204.164;75;392;9.76 MB;29 Aug 2014 - 04:03
83.233.90.150;74;571;1.52 MB;23 Aug 2014 - 16:16
213.138.132.177;72;572;7.65 MB;29 Aug 2014 - 05:08
77.244.8.237;71;499;2.53 MB;30 Aug 2014 - 09:15
91.224.5.1;68;553;7.84 MB;29 Aug 2014 - 07:00
131.207.242.128;67;302;7.61 MB;29 Aug 2014 - 11:31
66.249.81.31;67;851;9.54 MB;30 Aug 2014 - 02:30
157.144.241.5;67;359;1.07 MB;30 Aug 2014 - 06:33
192.99.19.154;65;65;1.13 MB;19 Aug 2014 - 08:46
195.236.222.1;65;1,106;4.79 MB;30 Aug 2014 - 01:35
94.22.160.77;65;534;12.84 MB;27 Aug 2014 - 05:45
193.111.119.176;63;509;6.93 MB;29 Aug 2014 - 07:55
88.195.16.82;62;532;6.23 MB;29 Aug 2014 - 00:13
213.89.82.166;61;312;1.35 MB;29 Aug 2014 - 06:05
178.55.157.194;60;97;88.99 KB;29 Aug 2014 - 09:14
46.30.132.171;59;69;1.06 MB;29 Aug 2014 - 07:59
85.76.85.163;58;97;1.29 MB;29 Aug 2014 - 05:50
50.18.102.132;58;58;17.30 KB;29 Aug 2014 - 12:58
192.176.123.145;57;286;6.87 MB;21 Aug 2014 - 11:33
95.172.74.62;56;653;3.36 MB;25 Aug 2014 - 10:32
90.231.134.34;56;491;2.57 MB;31 Aug 2014 - 05:01
82.181.43.32;56;491;8.92 MB;28 Aug 2014 - 06:30
91.154.97.217;56;332;2.64 MB;25 Aug 2014 - 04:09
94.101.6.85;55;288;1.82 MB;28 Aug 2014 - 05:28
109.255.216.7;55;403;1.09 MB;21 Aug 2014 - 14:49
82.181.146.177;54;296;2.62 MB;29 Aug 2014 - 15:13
94.22.45.115;54;96;244.56 KB;30 Aug 2014 - 08:38
86.43.84.108;53;375;899.75 KB;25 Aug 2014 - 09:59
194.86.38.39;52;360;6.77 MB;29 Aug 2014 - 09:30
195.78.71.32;51;214;3.06 MB;29 Aug 2014 - 08:15
91.229.137.36;51;537;7.62 MB;29 Aug 2014 - 07:54
89.126.25.204;50;240;2.88 MB;26 Aug 2014 - 10:08
137.163.19.99;50;162;3.21 MB;30 Aug 2014 - 05:59
194.241.168.1;49;173;1.06 MB;29 Aug 2014 - 08:07
194.215.208.5;49;235;1.03 MB;29 Aug 2014 - 07:14
194.89.228.50;48;171;760.24 KB;29 Aug 2014 - 15:24
130.188.8.27;48;441;4.52 MB;29 Aug 2014 - 06:29
37.136.200.209;47;129;1.04 MB;20 Aug 2014 - 14:52
85.76.50.119;46;83;84.97 KB;30 Aug 2014 - 10:51
62.165.180.131;46;342;845.07 KB;31 Aug 2014 - 03:11
83.47.21.194;45;302;8.47 MB;25 Aug 2014 - 05:18
85.76.11.55;45;143;974.00 KB;19 Aug 2014 - 16:11
79.97.37.69;45;425;6.56 MB;27 Aug 2014 - 18:12
212.246.140.250;45;242;4.33 MB;29 Aug 2014 - 07:09
82.116.255.44;44;152;1.05 MB;30 Aug 2014 - 16:47
62.78.181.15;44;82;84.36 KB;29 Aug 2014 - 08:42
86.60.235.173;44;82;99.50 KB;29 Aug 2014 - 11:12
194.111.71.133;44;161;346.76 KB;29 Aug 2014 - 05:41
80.248.164.6;44;459;11.18 MB;29 Aug 2014 - 10:10
85.156.241.72;44;84;188.17 KB;29 Aug 2014 - 09:56
157.144.241.140;44;270;678.39 KB;29 Aug 2014 - 07:20
194.215.240.253;44;141;3.76 MB;29 Aug 2014 - 06:02
80.248.161.32;44;279;934.15 KB;29 Aug 2014 - 08:28
82.181.136.55;44;245;1.10 MB;30 Aug 2014 - 04:38
213.138.147.122;43;390;6.94 MB;29 Aug 2014 - 07:41
194.100.42.8;43;236;6.84 MB;29 Aug 2014 - 05:35
81.109.17.147;43;322;1001.75 KB;25 Aug 2014 - 05:42
81.227.120.150;43;534;1.44 MB;31 Aug 2014 - 03:48
86.45.26.140;43;161;709.79 KB;29 Aug 2014 - 13:02
95.44.38.170;42;174;807.09 KB;21 Aug 2014 - 11:50
84.251.33.132;42;525;8.95 MB;22 Aug 2014 - 02:23
85.157.164.123;42;116;303.19 KB;31 Aug 2014 - 04:59
194.100.188.4;42;196;8.67 MB;29 Aug 2014 - 05:16
193.209.71.2;41;174;2.85 MB;29 Aug 2014 - 11:44
80.220.83.103;41;119;945.14 KB;29 Aug 2014 - 14:25
194.251.119.199;41;117;754.97 KB;29 Aug 2014 - 06:34
85.76.78.166;41;149;877.01 KB;29 Aug 2014 - 15:43
213.214.136.54;40;400;8.97 MB;30 Aug 2014 - 03:09
157.124.16.32;40;171;777.82 KB;29 Aug 2014 - 07:35
194.100.20.98;39;118;775.95 KB;30 Aug 2014 - 06:04
88.192.223.128;39;117;3.85 MB;31 Aug 2014 - 05:11
80.220.180.84;39;117;3.56 MB;30 Aug 2014 - 04:15
91.153.115.220;39;76;82.00 KB;29 Aug 2014 - 07:02
85.76.75.214;38;98;821.17 KB;29 Aug 2014 - 15:13
179.9.152.125;38;366;2.20 MB;24 Aug 2014 - 23:54
194.111.39.65;38;135;2.09 MB;29 Aug 2014 - 06:04
160.71.88.33;37;149;3.34 MB;29 Aug 2014 - 06:28
91.214.167.2;37;114;290.85 KB;29 Aug 2014 - 05:44
194.111.122.71;37;77;554.00 KB;29 Aug 2014 - 05:52
137.163.19.9;37;189;6.25 MB;30 Aug 2014 - 04:32
88.115.98.137;37;113;379.19 KB;31 Aug 2014 - 02:25
213.250.118.98;37;97;1.01 MB;29 Aug 2014 - 05:22
91.153.70.60;37;167;845.69 KB;21 Aug 2014 - 08:09
91.190.199.122;37;113;1.10 MB;29 Aug 2014 - 06:00
91.223.85.8;36;245;3.44 MB;29 Aug 2014 - 08:31
88.115.84.175;36;152;890.58 KB;29 Aug 2014 - 07:12
192.89.123.42;36;313;631.00 KB;29 Aug 2014 - 13:11
91.154.50.104;36;83;755.86 KB;29 Aug 2014 - 15:56
192.44.243.18;36;148;4.40 MB;21 Aug 2014 - 07:51
84.250.59.116;36;78;386.84 KB;29 Aug 2014 - 09:35
193.210.145.13;36;161;1.15 MB;29 Aug 2014 - 08:18
84.248.202.15;35;77;755.88 KB;29 Aug 2014 - 12:20
213.179.212.109;35;118;776.36 KB;21 Aug 2014 - 14:52
62.78.207.40;35;117;3.90 MB;30 Aug 2014 - 05:19
37.130.188.128;35;416;6.73 MB;25 Aug 2014 - 05:15
194.136.10.162;35;116;213.53 KB;30 Aug 2014 - 14:22
80.249.242.244;34;127;610.28 KB;19 Aug 2014 - 15:18
82.181.200.100;34;115;705.56 KB;29 Aug 2014 - 05:56
188.238.53.100;34;110;3.78 MB;30 Aug 2014 - 05:07
80.217.145.192;34;252;794.11 KB;25 Aug 2014 - 15:00
188.67.93.158;34;75;447.18 KB;29 Aug 2014 - 16:56
85.225.233.242;33;367;6.64 MB;24 Aug 2014 - 12:48
195.236.107.4;33;256;6.64 MB;29 Aug 2014 - 09:19
84.113.150.89;33;129;785.85 KB;21 Aug 2014 - 07:29
92.251.255.14;33;352;3.47 MB;23 Aug 2014 - 10:46
194.89.24.54;33;64;243.24 KB;29 Aug 2014 - 05:28
193.167.131.244;32;169;335.50 KB;30 Aug 2014 - 07:54
91.152.67.230;32;122;697.52 KB;26 Aug 2014 - 13:22
91.158.148.86;32;106;3.11 MB;29 Aug 2014 - 05:21
88.115.200.86;32;75;490.55 KB;31 Aug 2014 - 04:05
91.153.150.47;32;79;554.30 KB;29 Aug 2014 - 07:24
88.195.30.147;32;71;710.35 KB;29 Aug 2014 - 08:21
213.138.132.29;32;75;615.84 KB;29 Aug 2014 - 05:32
88.193.157.50;32;72;730.45 KB;29 Aug 2014 - 08:59
90.227.4.44;32;281;673.63 KB;30 Aug 2014 - 07:02
74.112.131.246;31;31;483.17 KB;28 Aug 2014 - 09:33
81.91.3.3;31;356;779.54 KB;29 Aug 2014 - 08:15
54.164.177.45;31;31;9.17 KB;26 Aug 2014 - 16:09
91.155.246.194;31;79;343.20 KB;29 Aug 2014 - 14:51
90.227.137.22;31;312;4.81 MB;23 Aug 2014 - 04:45
80.222.37.223;31;127;4.13 MB;31 Aug 2014 - 04:25
193.93.136.10;31;191;3.70 MB;29 Aug 2014 - 05:28
83.145.226.75;31;113;3.96 MB;29 Aug 2014 - 05:20
93.106.253.72;31;75;626.47 KB;29 Aug 2014 - 05:46
83.218.141.116;31;295;1.36 MB;20 Aug 2014 - 06:37
91.156.250.97;30;98;195.70 KB;29 Aug 2014 - 09:40
188.67.52.140;30;67;106.02 KB;29 Aug 2014 - 05:55
212.17.45.242;30;321;4.41 MB;26 Aug 2014 - 11:33
192.194.190.99;30;244;481.64 KB;29 Aug 2014 - 08:29
94.22.124.39;30;95;154.99 KB;29 Aug 2014 - 12:39
193.185.100.126;29;270;4.11 MB;29 Aug 2014 - 05:54
89.27.78.28;29;68;266.33 KB;29 Aug 2014 - 05:30
91.157.62.73;29;72;123.29 KB;29 Aug 2014 - 05:28
83.248.148.239;29;145;704.10 KB;29 Aug 2014 - 00:59
91.153.220.218;29;105;3.69 MB;31 Aug 2014 - 04:12
85.76.143.77;29;68;516.29 KB;29 Aug 2014 - 13:58
54.164.95.10;29;29;30.27 KB;27 Aug 2014 - 02:31
217.152.4.210;29;123;4.05 MB;29 Aug 2014 - 07:18
54.164.157.131;28;28;8.53 KB;26 Aug 2014 - 18:17
85.157.38.105;28;70;165.55 KB;29 Aug 2014 - 15:46
54.164.176.198;28;28;8.04 KB;25 Aug 2014 - 21:05
192.100.120.41;28;175;6.66 MB;29 Aug 2014 - 05:35
188.238.25.41;28;65;78.33 KB;30 Aug 2014 - 02:03
54.164.183.74;28;28;8.37 KB;27 Aug 2014 - 00:21
85.76.65.97;28;104;3.58 MB;31 Aug 2014 - 03:31
80.220.109.141;28;106;3.29 MB;29 Aug 2014 - 05:21
92.251.255.13;28;187;484.68 KB;23 Aug 2014 - 08:28
192.102.42.12;28;135;3.85 MB;29 Aug 2014 - 07:27
155.91.64.11;27;234;825.07 KB;29 Aug 2014 - 07:32
80.222.55.137;27;70;549.10 KB;29 Aug 2014 - 07:17
88.112.175.86;27;104;594.77 KB;31 Aug 2014 - 03:47
84.231.39.207;27;66;197.39 KB;29 Aug 2014 - 05:35
87.94.204.38;27;222;7.13 MB;29 Aug 2014 - 05:19
91.156.2.80;27;69;553.44 KB;29 Aug 2014 - 14:46
89.27.96.165;27;144;487.81 KB;28 Aug 2014 - 08:12
62.106.18.153;27;66;260.93 KB;29 Aug 2014 - 07:49
92.251.213.73;27;77;542.92 KB;26 Aug 2014 - 13:29
193.210.54.192;27;191;3.48 MB;29 Aug 2014 - 06:50
62.44.192.150;27;142;519.18 KB;29 Aug 2014 - 07:50
54.164.183.243;26;26;7.58 KB;26 Aug 2014 - 10:09
89.166.118.20;26;119;3.71 MB;31 Aug 2014 - 03:29
88.115.211.83;26;144;413.33 KB;30 Aug 2014 - 12:43
85.131.77.40;26;98;3.10 MB;31 Aug 2014 - 03:59
91.158.60.100;26;65;452.63 KB;30 Aug 2014 - 01:48
91.142.235.180;26;235;1.38 MB;28 Aug 2014 - 13:04
88.192.84.254;26;63;77.50 KB;30 Aug 2014 - 10:27
91.152.166.14;26;119;3.18 MB;29 Aug 2014 - 03:43
88.115.91.78;26;71;524.84 KB;29 Aug 2014 - 05:37
192.83.32.2;26;69;521.97 KB;29 Aug 2014 - 05:24
143.51.145.1;26;157;3.45 MB;29 Aug 2014 - 06:53
194.241.59.190;26;218;587.57 KB;29 Aug 2014 - 10:04
82.181.88.3;26;215;455.17 KB;29 Aug 2014 - 02:54
85.76.48.140;26;145;528.90 KB;29 Aug 2014 - 09:27
54.164.182.126;26;26;29.25 KB;26 Aug 2014 - 12:07
91.157.122.223;26;65;536.62 KB;29 Aug 2014 - 07:12
88.192.68.90;26;74;401.86 KB;29 Aug 2014 - 15:23
62.176.63.80;25;147;1.16 MB;29 Aug 2014 - 06:38
85.29.114.12;25;67;486.57 KB;29 Aug 2014 - 05:30
80.95.131.5;25;131;3.74 MB;29 Aug 2014 - 05:46
88.195.208.97;25;64;462.85 KB;30 Aug 2014 - 03:20
91.158.213.97;25;65;578.94 KB;29 Aug 2014 - 05:34
81.225.210.4;25;209;4.78 MB;26 Aug 2014 - 12:56
195.165.124.66;25;144;3.47 MB;29 Aug 2014 - 05:38
95.199.223.52;25;103;500.62 KB;29 Aug 2014 - 06:37
85.23.29.151;25;65;495.74 KB;29 Aug 2014 - 11:53
88.112.107.1;25;102;329.97 KB;30 Aug 2014 - 17:50
81.175.201.142;25;64;122.62 KB;29 Aug 2014 - 10:57
88.112.167.2;25;72;479.36 KB;29 Aug 2014 - 07:17
54.164.174.199;25;25;7.40 KB;25 Aug 2014 - 21:53
212.50.145.2;25;269;10.03 MB;29 Aug 2014 - 05:28
54.164.175.27;25;25;7.40 KB;25 Aug 2014 - 23:38
82.181.42.110;24;62;77.04 KB;29 Aug 2014 - 09:07
54.164.185.19;24;24;7.12 KB;25 Aug 2014 - 19:00
88.193.176.205;24;99;539.65 KB;30 Aug 2014 - 01:30
80.222.235.102;24;63;355.59 KB;29 Aug 2014 - 07:56
54.164.176.16;24;24;7.01 KB;26 Aug 2014 - 20:17
85.76.51.243;24;66;516.92 KB;30 Aug 2014 - 12:49
91.155.88.108;24;110;3.86 MB;29 Aug 2014 - 05:21
81.197.49.58;24;61;76.79 KB;29 Aug 2014 - 07:31
80.81.183.18;24;168;699.82 KB;29 Aug 2014 - 06:44
212.181.104.180;24;133;436.69 KB;25 Aug 2014 - 07:15
91.156.67.112;24;65;509.29 KB;29 Aug 2014 - 06:16
88.193.115.97;24;116;4.04 MB;30 Aug 2014 - 03:29
193.208.223.133;24;67;412.20 KB;29 Aug 2014 - 07:05
54.164.173.168;24;24;6.95 KB;25 Aug 2014 - 15:25
83.145.28.19;24;96;3.10 MB;29 Aug 2014 - 05:18
31.7.22.248;24;85;256.22 KB;29 Aug 2014 - 09:05
80.221.144.126;23;150;4.00 MB;25 Aug 2014 - 13:10
93.107.123.163;23;126;405.14 KB;21 Aug 2014 - 12:41
54.164.185.16;23;23;6.83 KB;27 Aug 2014 - 00:20
77.53.201.103;23;80;542.16 KB;20 Aug 2014 - 10:06
84.239.137.109;23;211;609.96 KB;29 Aug 2014 - 06:41
77.109.199.111;23;99;471.39 KB;29 Aug 2014 - 05:54
87.108.27.110;23;63;92.98 KB;29 Aug 2014 - 05:29
88.114.43.180;23;179;3.58 MB;29 Aug 2014 - 06:04
37.219.173.6;23;83;417.26 KB;31 Aug 2014 - 01:43
77.86.196.60;23;96;519.17 KB;29 Aug 2014 - 05:59
54.164.174.129;23;23;6.72 KB;26 Aug 2014 - 01:40
193.34.40.30;23;179;1.63 MB;29 Aug 2014 - 08:33
54.164.183.240;23;23;6.67 KB;26 Aug 2014 - 10:13
88.115.98.238;23;100;583.17 KB;29 Aug 2014 - 06:48
62.61.67.228;23;157;3.54 MB;29 Aug 2014 - 05:13
85.23.127.18;23;95;3.15 MB;29 Aug 2014 - 05:11
195.33.140.5;23;147;8.04 MB;29 Aug 2014 - 05:21
93.106.38.208;23;62;513.56 KB;26 Aug 2014 - 12:00
90.236.249.248;23;246;652.58 KB;20 Aug 2014 - 16:51
91.150.30.51;23;109;148.37 KB;29 Aug 2014 - 09:58
54.164.174.168;23;23;6.67 KB;26 Aug 2014 - 04:23
85.76.139.113;23;105;3.95 MB;29 Aug 2014 - 05:26
91.156.65.21;23;95;447.46 KB;29 Aug 2014 - 08:35
87.93.94.208;22;61;174.25 KB;29 Aug 2014 - 08:08
82.118.194.4;22;198;466.37 KB;29 Aug 2014 - 07:49
91.158.198.138;22;61;461.45 KB;29 Aug 2014 - 06:57
95.44.75.31;22;118;350.43 KB;21 Aug 2014 - 14:55
54.164.175.96;22;22;6.38 KB;26 Aug 2014 - 08:20
74.112.131.241;22;22;341.71 KB;26 Aug 2014 - 14:30
85.76.49.234;22;135;3.21 MB;30 Aug 2014 - 04:22
54.164.183.236;22;22;6.49 KB;25 Aug 2014 - 15:12
78.18.236.20;22;100;406.09 KB;24 Aug 2014 - 16:16
82.197.31.180;22;119;423.92 KB;30 Aug 2014 - 11:40
213.243.141.50;22;156;7.26 MB;31 Aug 2014 - 03:28
80.216.230.180;22;76;396.25 KB;29 Aug 2014 - 09:25
91.154.143.83;22;61;398.71 KB;29 Aug 2014 - 14:22
54.164.173.146;22;22;6.60 KB;26 Aug 2014 - 10:14
37.219.197.201;22;61;266.28 KB;30 Aug 2014 - 18:20
80.220.224.58;22;62;221.89 KB;29 Aug 2014 - 11:22
91.156.63.47;22;93;551.76 KB;29 Aug 2014 - 11:22
83.245.226.77;22;110;3.49 MB;31 Aug 2014 - 04:10
85.76.72.230;22;66;414.11 KB;29 Aug 2014 - 07:01
91.150.16.102;22;61;358.22 KB;29 Aug 2014 - 09:14
74.112.131.244;22;22;342.64 KB;26 Aug 2014 - 14:29
158.127.20.13;22;140;417.63 KB;29 Aug 2014 - 07:02
212.93.55.37;22;130;1.46 MB;29 Aug 2014 - 06:23
85.76.144.162;22;59;76.04 KB;30 Aug 2014 - 06:52
85.76.77.16;22;64;461.50 KB;29 Aug 2014 - 09:04
62.197.185.6;22;64;448.00 KB;29 Aug 2014 - 11:44
84.251.3.151;22;71;446.80 KB;29 Aug 2014 - 06:04
85.76.144.94;22;59;75.88 KB;29 Aug 2014 - 05:28
91.157.180.78;22;94;3.14 MB;29 Aug 2014 - 05:13
62.78.197.114;21;60;469.01 KB;26 Aug 2014 - 13:51
194.103.159.2;21;98;427.79 KB;29 Aug 2014 - 06:03
212.93.55.35;21;179;8.38 MB;29 Aug 2014 - 05:25
85.76.71.229;21;161;3.27 MB;29 Aug 2014 - 06:25
82.181.75.142;21;67;464.81 KB;30 Aug 2014 - 01:24
213.130.252.56;21;68;219.92 KB;29 Aug 2014 - 08:00
88.114.111.147;21;58;105.86 KB;29 Aug 2014 - 09:06
81.224.163.76;21;223;350.11 KB;25 Aug 2014 - 11:15
91.154.110.8;21;68;422.91 KB;29 Aug 2014 - 09:02
159.255.251.85;21;60;120.17 KB;30 Aug 2014 - 07:50
74.112.131.245;21;21;314.22 KB;29 Aug 2014 - 12:59
195.148.98.78;21;61;399.83 KB;29 Aug 2014 - 05:40
84.231.245.71;21;98;525.70 KB;29 Aug 2014 - 06:53
84.249.77.148;21;61;244.84 KB;29 Aug 2014 - 10:42
88.112.194.79;21;58;75.72 KB;21 Aug 2014 - 06:19
95.83.254.89;21;134;439.52 KB;24 Aug 2014 - 21:27
90.232.32.243;21;232;452.65 KB;22 Aug 2014 - 11:43
88.195.211.2;21;64;438.25 KB;29 Aug 2014 - 07:40
178.75.184.234;21;60;443.39 KB;29 Aug 2014 - 07:39
178.55.46.75;21;60;120.17 KB;29 Aug 2014 - 05:26
93.106.253.71;21;65;241.48 KB;29 Aug 2014 - 05:28
87.93.147.24;21;99;3.45 MB;30 Aug 2014 - 04:18
213.114.160.209;21;145;6.24 MB;24 Aug 2014 - 03:58
80.217.182.211;21;191;432.14 KB;21 Aug 2014 - 03:23
164.5.106.26;21;60;259.74 KB;29 Aug 2014 - 14:59
91.156.204.34;21;68;437.44 KB;30 Aug 2014 - 00:20
54.164.165.197;21;21;6.10 KB;26 Aug 2014 - 18:17
93.106.160.2;21;63;332.35 KB;29 Aug 2014 - 09:56
88.112.210.114;21;104;201.97 KB;30 Aug 2014 - 09:41
54.164.23.24;21;21;6.26 KB;26 Aug 2014 - 05:02
54.164.172.29;21;21;6.26 KB;26 Aug 2014 - 06:27
188.238.21.255;21;58;75.63 KB;29 Aug 2014 - 12:18
54.164.176.85;21;21;6.43 KB;26 Aug 2014 - 12:08
37.219.112.91;21;61;409.80 KB;30 Aug 2014 - 06:53
85.76.49.227;20;63;479.19 KB;29 Aug 2014 - 15:22
85.157.202.81;20;96;3.38 MB;29 Aug 2014 - 05:15
88.114.139.191;20;98;469.25 KB;30 Aug 2014 - 03:21
88.113.50.117;20;63;354.37 KB;29 Aug 2014 - 15:02
212.149.199.59;20;59;399.25 KB;29 Aug 2014 - 08:04
85.29.121.130;20;67;350.16 KB;29 Aug 2014 - 13:49
84.34.36.88;20;94;619.33 KB;29 Aug 2014 - 06:08
82.214.12.76;20;177;1.30 MB;29 Aug 2014 - 06:02
54.164.121.87;20;20;6.09 KB;26 Aug 2014 - 20:16
85.76.68.245;20;59;428.82 KB;29 Aug 2014 - 05:43
80.222.45.51;20;62;206.22 KB;29 Aug 2014 - 15:09
80.222.76.40;20;150;3.15 MB;30 Aug 2014 - 04:57
85.227.139.124;20;106;407.83 KB;19 Aug 2014 - 14:57
213.138.147.121;20;106;3.84 MB;29 Aug 2014 - 05:15
91.158.68.246;20;100;294.97 KB;29 Aug 2014 - 08:27
192.176.1.86;20;110;177.94 KB;22 Aug 2014 - 07:41
91.154.242.249;20;64;424.21 KB;30 Aug 2014 - 10:11
178.55.197.100;20;59;223.61 KB;29 Aug 2014 - 09:48
146.81.200.62;20;96;280.23 KB;29 Aug 2014 - 05:42
188.238.90.255;20;93;243.42 KB;29 Aug 2014 - 14:50
62.197.182.15;20;127;355.59 KB;29 Aug 2014 - 17:46
54.164.185.7;20;20;5.76 KB;25 Aug 2014 - 13:56
54.164.173.244;20;20;5.76 KB;25 Aug 2014 - 09:16
91.154.113.172;20;94;158.83 KB;26 Aug 2014 - 06:06
83.145.199.65;20;241;3.17 MB;29 Aug 2014 - 08:41
86.60.183.229;20;69;393.18 KB;29 Aug 2014 - 06:24
86.115.73.12;20;68;331.25 KB;29 Aug 2014 - 09:06
54.164.175.170;20;20;5.92 KB;26 Aug 2014 - 06:23
141.70.27.72;20;170;8.39 MB;22 Aug 2014 - 03:38
89.240.75.161;20;182;7.91 MB;22 Aug 2014 - 13:56
84.253.205.179;20;64;373.35 KB;29 Aug 2014 - 13:07
93.106.94.222;20;94;228.23 KB;30 Aug 2014 - 11:42
194.136.175.4;20;91;328.90 KB;29 Aug 2014 - 06:39
79.138.55.66;20;352;12.57 MB;25 Aug 2014 - 03:32
83.251.156.244;20;116;4.67 MB;24 Aug 2014 - 04:28
91.157.160.45;20;81;407.50 KB;29 Aug 2014 - 08:12
80.223.91.87;20;96;258.77 KB;29 Aug 2014 - 10:17
188.238.59.160;20;64;286.85 KB;29 Aug 2014 - 10:11
87.92.253.139;20;96;440.84 KB;29 Aug 2014 - 06:35
62.71.215.107;20;59;388.47 KB;29 Aug 2014 - 10:00
84.250.104.82;20;63;363.39 KB;29 Aug 2014 - 07:54
94.234.170.74;20;204;5.71 MB;23 Aug 2014 - 03:55
192.89.97.1;19;137;3.35 MB;29 Aug 2014 - 05:42
88.192.171.58;19;56;74.87 KB;30 Aug 2014 - 08:05
94.234.170.197;19;113;449.47 KB;19 Aug 2014 - 16:23
86.42.192.250;19;53;284.60 KB;27 Aug 2014 - 13:39
91.155.236.11;19;62;423.44 KB;29 Aug 2014 - 09:35
80.220.204.36;19;67;283.91 KB;29 Aug 2014 - 10:34
46.163.212.168;19;95;3.47 MB;30 Aug 2014 - 04:03
85.228.19.6;19;100;261.14 KB;19 Aug 2014 - 16:04
188.238.62.76;19;58;254.38 KB;29 Aug 2014 - 12:31
88.112.132.173;19;61;272.54 KB;29 Aug 2014 - 10:22
80.223.178.103;19;67;236.39 KB;30 Aug 2014 - 01:12
85.76.146.89;19;59;303.41 KB;29 Aug 2014 - 08:38
91.158.19.48;19;97;3.44 MB;30 Aug 2014 - 03:43
88.148.159.49;19;58;140.78 KB;30 Aug 2014 - 09:34
109.68.133.171;19;95;3.41 MB;31 Aug 2014 - 04:06
132.155.58.203;19;139;3.36 MB;29 Aug 2014 - 05:45
194.157.153.225;19;58;391.27 KB;30 Aug 2014 - 07:06
194.252.180.30;19;133;406.02 KB;29 Aug 2014 - 06:25
91.153.20.6;19;90;405.92 KB;29 Aug 2014 - 05:50
62.237.83.132;19;95;490.65 KB;29 Aug 2014 - 07:12
78.202.180.154;19;99;559.03 KB;23 Aug 2014 - 15:52
94.125.16.11;19;263;10.30 MB;26 Aug 2014 - 04:25
31.7.30.30;19;57;199.49 KB;30 Aug 2014 - 10:32
91.150.23.105;19;95;570.13 KB;29 Aug 2014 - 06:23
88.115.116.166;19;115;3.56 MB;29 Aug 2014 - 05:16
93.106.5.94;19;67;246.91 KB;29 Aug 2014 - 08:40
159.255.238.4;19;59;412.74 KB;29 Aug 2014 - 08:32
194.197.48.129;19;134;387.05 KB;29 Aug 2014 - 06:01
85.76.50.73;19;62;268.64 KB;30 Aug 2014 - 01:44
31.211.204.178;19;92;349.35 KB;26 Aug 2014 - 11:23
54.88.94.252;19;19;5.47 KB;26 Aug 2014 - 08:15
74.112.131.243;19;19;317.12 KB;22 Aug 2014 - 14:40
91.153.212.230;19;95;193.98 KB;29 Aug 2014 - 11:07
188.238.71.87;19;103;3.87 MB;31 Aug 2014 - 05:09
178.55.2.138;19;55;119.44 KB;30 Aug 2014 - 03:02
82.197.27.132;19;97;3.38 MB;29 Aug 2014 - 05:35
143.239.91.199;19;69;270.00 KB;25 Aug 2014 - 05:44
91.223.107.35;19;96;3.25 MB;29 Aug 2014 - 05:20
46.23.169.2;19;178;3.89 MB;29 Aug 2014 - 06:23
91.156.77.222;19;63;340.02 KB;30 Aug 2014 - 00:51
84.248.140.88;19;60;328.60 KB;29 Aug 2014 - 13:15
188.67.143.59;19;141;464.92 KB;29 Aug 2014 - 06:39
91.159.20.60;19;128;3.23 MB;29 Aug 2014 - 05:25
85.76.85.182;19;56;74.87 KB;29 Aug 2014 - 08:26
83.252.82.26;19;111;409.14 KB;20 Aug 2014 - 16:37
85.76.48.148;19;144;349.43 KB;29 Aug 2014 - 11:04
93.106.55.78;19;58;300.65 KB;29 Aug 2014 - 09:51
54.164.42.78;19;19;5.58 KB;26 Aug 2014 - 05:01
91.152.49.68;19;200;3.37 MB;29 Aug 2014 - 07:03
178.75.187.104;19;119;398.11 KB;29 Aug 2014 - 07:41
62.78.185.129;19;113;3.98 MB;31 Aug 2014 - 05:01
84.250.71.241;19;58;354.25 KB;29 Aug 2014 - 09:03
91.155.129.97;19;59;369.89 KB;30 Aug 2014 - 01:49
194.89.46.196;19;66;321.73 KB;29 Aug 2014 - 06:23
212.149.220.81;18;112;3.13 MB;30 Aug 2014 - 00:43
80.180.88.244;18;164;499.26 KB;19 Aug 2014 - 16:14
62.176.37.10;18;116;556.60 KB;29 Aug 2014 - 06:32
89.27.36.85;18;132;289.90 KB;26 Aug 2014 - 15:03
109.240.82.43;18;72;349.71 KB;29 Aug 2014 - 05:27
84.248.126.190;18;55;74.64 KB;29 Aug 2014 - 08:12
76.76.251.109;18;94;476.20 KB;19 Aug 2014 - 21:52
82.215.243.125;18;59;351.91 KB;29 Aug 2014 - 07:30
88.113.226.162;18;202;6.26 MB;31 Aug 2014 - 04:36
93.106.108.156;18;57;160.54 KB;29 Aug 2014 - 14:23
62.148.100.190;18;419;445.87 KB;29 Aug 2014 - 06:31
37.136.88.26;18;94;3.43 MB;29 Aug 2014 - 05:12
84.248.150.211;18;66;288.89 KB;30 Aug 2014 - 06:43
86.46.220.224;18;84;219.55 KB;29 Aug 2014 - 13:48
213.186.228.17;18;263;319.95 KB;30 Aug 2014 - 11:21
85.76.77.232;18;55;74.71 KB;29 Aug 2014 - 13:51
85.76.69.118;18;89;347.39 KB;30 Aug 2014 - 06:46
54.176.56.176;18;63;317.40 KB;23 Aug 2014 - 19:46
62.216.114.102;18;62;152.75 KB;29 Aug 2014 - 12:15
91.158.108.38;18;57;307.03 KB;29 Aug 2014 - 09:14
188.238.199.98;18;60;308.71 KB;29 Aug 2014 - 09:30
109.58.148.226;18;64;453.89 KB;20 Aug 2014 - 12:03
193.229.253.211;18;57;349.08 KB;25 Aug 2014 - 02:13
91.155.84.237;18;94;355.99 KB;28 Aug 2014 - 07:42
46.119.165.255;18;94;477.44 KB;29 Aug 2014 - 06:30
91.142.235.173;18;120;1.22 MB;26 Aug 2014 - 15:23
88.115.175.180;18;99;393.62 KB;25 Aug 2014 - 07:37
85.157.204.246;18;55;104.74 KB;29 Aug 2014 - 05:33
188.238.4.94;18;57;357.14 KB;29 Aug 2014 - 07:18
80.222.82.106;18;58;106.17 KB;29 Aug 2014 - 05:39
194.157.242.68;18;94;3.38 MB;29 Aug 2014 - 05:09
95.83.254.113;18;123;304.84 KB;25 Aug 2014 - 12:28
109.204.201.135;18;102;3.70 MB;29 Aug 2014 - 05:11
146.119.129.132;18;59;347.43 KB;29 Aug 2014 - 09:00
81.175.166.42;18;62;328.90 KB;29 Aug 2014 - 08:29
88.192.199.38;18;94;3.28 MB;31 Aug 2014 - 04:55
85.76.50.154;18;57;354.20 KB;29 Aug 2014 - 13:42
82.181.196.159;18;96;455.93 KB;29 Aug 2014 - 06:47
80.254.148.51;18;158;8.35 MB;29 Aug 2014 - 05:16
88.114.63.165;18;94;471.53 KB;29 Aug 2014 - 05:58
157.200.12.200;18;124;3.28 MB;29 Aug 2014 - 08:31
88.195.246.107;18;99;933.47 KB;24 Aug 2014 - 01:25
91.154.30.234;18;57;348.79 KB;30 Aug 2014 - 05:24
194.136.22.82;18;55;102.02 KB;29 Aug 2014 - 09:00
87.108.72.171;18;102;3.77 MB;29 Aug 2014 - 05:16
80.220.206.195;18;58;165.65 KB;29 Aug 2014 - 10:15
81.230.149.133;18;200;4.67 MB;26 Aug 2014 - 09:33
91.154.48.46;18;57;271.70 KB;29 Aug 2014 - 07:47
62.236.53.145;18;57;325.37 KB;29 Aug 2014 - 09:11
54.164.185.13;18;18;5.19 KB;25 Aug 2014 - 21:04
88.114.149.215;18;62;369.82 KB;29 Aug 2014 - 09:06
188.94.67.2;18;181;378.15 KB;29 Aug 2014 - 06:11
80.223.16.22;18;57;356.80 KB;29 Aug 2014 - 11:00
88.113.251.116;18;120;258.60 KB;29 Aug 2014 - 07:49
88.115.71.241;18;55;74.51 KB;29 Aug 2014 - 05:33
188.141.26.121;18;52;331.16 KB;29 Aug 2014 - 01:52
85.76.49.64;18;128;296.04 KB;29 Aug 2014 - 16:02
91.152.208.84;18;55;74.58 KB;30 Aug 2014 - 03:10
89.166.31.249;18;158;8.19 MB;29 Aug 2014 - 05:18
62.78.235.242;18;60;324.67 KB;29 Aug 2014 - 09:39
85.76.135.148;18;60;236.48 KB;29 Aug 2014 - 05:53
54.164.155.29;18;18;5.24 KB;26 Aug 2014 - 12:12
78.27.69.62;18;58;331.00 KB;29 Aug 2014 - 09:46
37.136.120.13;18;94;397.89 KB;29 Aug 2014 - 08:16
153.1.19.93;18;60;339.24 KB;29 Aug 2014 - 05:37
85.76.51.144;18;57;305.30 KB;29 Aug 2014 - 11:24
77.109.216.178;18;66;220.04 KB;29 Aug 2014 - 16:41
80.223.155.68;18;63;320.12 KB;29 Aug 2014 - 05:47
91.153.31.195;18;58;362.44 KB;29 Aug 2014 - 14:48
91.154.200.159;18;60;197.17 KB;30 Aug 2014 - 12:02
192.176.1.82;18;214;435.49 KB;21 Aug 2014 - 09:16
85.76.51.25;18;133;3.39 MB;30 Aug 2014 - 02:02
54.164.57.252;18;18;5.24 KB;26 Aug 2014 - 22:15
86.114.153.194;18;96;389.20 KB;29 Aug 2014 - 06:19
193.65.255.1;18;94;143.38 KB;29 Aug 2014 - 07:36
193.166.154.132;18;68;330.38 KB;29 Aug 2014 - 06:16
194.197.205.253;18;124;1.13 MB;29 Aug 2014 - 05:39
87.93.128.214;17;96;350.40 KB;29 Aug 2014 - 15:20
188.67.52.120;17;59;373.68 KB;30 Aug 2014 - 00:06
62.78.241.64;17;93;3.24 MB;30 Aug 2014 - 03:46
188.238.148.94;17;99;3.73 MB;30 Aug 2014 - 03:44
178.55.85.79;17;56;257.13 KB;30 Aug 2014 - 05:56
87.93.90.178;17;165;3.94 MB;30 Aug 2014 - 03:42
88.113.227.96;17;56;124.40 KB;29 Aug 2014 - 05:21
176.68.75.104;17;128;213.40 KB;19 Aug 2014 - 16:57
178.55.23.143;17;56;375.71 KB;29 Aug 2014 - 12:17
178.75.187.232;17;144;391.40 KB;29 Aug 2014 - 11:43
109.240.197.203;17;181;323.20 KB;30 Aug 2014 - 10:21
188.238.61.170;17;57;349.01 KB;29 Aug 2014 - 13:03
85.76.16.97;17;82;423.58 KB;21 Aug 2014 - 14:55
80.222.239.241;17;65;298.04 KB;29 Aug 2014 - 05:30
54.164.172.224;17;17;5.01 KB;26 Aug 2014 - 16:10
83.252.33.127;17;123;488.90 KB;24 Aug 2014 - 12:28
83.150.89.218;17;66;335.68 KB;29 Aug 2014 - 05:51
91.154.82.77;17;56;167.87 KB;29 Aug 2014 - 15:21
188.238.191.189;17;70;368.69 KB;29 Aug 2014 - 07:33
54.164.174.94;17;17;4.90 KB;26 Aug 2014 - 20:16
88.113.127.180;17;59;281.70 KB;30 Aug 2014 - 03:14
109.240.186.223;17;59;311.28 KB;29 Aug 2014 - 16:01
83.248.194.244;17;140;4.48 MB;22 Aug 2014 - 06:13
86.166.27.249;17;93;330.93 KB;20 Aug 2014 - 15:21
54.164.185.25;17;17;5.12 KB;26 Aug 2014 - 12:08
81.209.24.131;17;116;406.29 KB;29 Aug 2014 - 06:25
195.255.221.83;17;398;6.91 MB;29 Aug 2014 - 05:20
80.222.243.110;17;103;3.44 MB;29 Aug 2014 - 05:12
54.164.22.63;17;17;5.23 KB;26 Aug 2014 - 22:16
62.78.166.40;17;64;303.30 KB;29 Aug 2014 - 07:04
78.82.225.236;17;74;327.54 KB;22 Aug 2014 - 11:44
91.152.48.41;17;98;423.18 KB;29 Aug 2014 - 05:56
130.232.197.7;17;93;401.07 KB;29 Aug 2014 - 06:04
194.255.43.141;17;96;999.66 KB;29 Aug 2014 - 06:08
109.58.143.192;17;111;289.29 KB;24 Aug 2014 - 10:29
94.234.170.33;17;163;1.22 MB;30 Aug 2014 - 03:38
86.40.248.187;17;151;2.70 MB;25 Aug 2014 - 15:12
84.251.122.31;17;54;74.21 KB;29 Aug 2014 - 07:49
192.130.118.2;17;382;422.99 KB;29 Aug 2014 - 05:57
193.24.70.133;17;163;511.43 KB;29 Aug 2014 - 06:06
188.238.140.84;17;61;391.59 KB;30 Aug 2014 - 00:36
74.112.131.242;17;17;275.82 KB;29 Aug 2014 - 13:00
54.166.214.38;17;17;324.08 KB;19 Aug 2014 - 21:30
84.248.210.92;17;65;209.49 KB;29 Aug 2014 - 08:43
194.111.66.10;17;118;323.74 KB;30 Aug 2014 - 12:59
91.158.161.216;17;62;349.85 KB;29 Aug 2014 - 08:33
62.78.186.146;17;80;288.92 KB;29 Aug 2014 - 05:42
62.63.215.103;17;225;9.51 MB;23 Aug 2014 - 03:47
85.76.131.216;17;56;199.04 KB;30 Aug 2014 - 17:28
91.155.198.228;17;56;339.51 KB;29 Aug 2014 - 12:03
83.145.242.23;17;60;369.12 KB;29 Aug 2014 - 09:20
46.30.132.135;17;24;679.63 KB;29 Aug 2014 - 05:23
62.148.97.160;17;56;262.18 KB;29 Aug 2014 - 05:42
31.172.155.199;17;57;207.08 KB;29 Aug 2014 - 07:19
84.251.43.172;17;57;119.57 KB;30 Aug 2014 - 07:14
213.139.179.2;17;104;3.62 MB;29 Aug 2014 - 05:19
173.76.21.153;17;94;448.62 KB;19 Aug 2014 - 16:50
80.222.111.24;17;59;367.85 KB;29 Aug 2014 - 14:20
178.75.188.131;17;56;217.15 KB;29 Aug 2014 - 10:51
82.215.244.253;17;56;192.47 KB;29 Aug 2014 - 07:02
194.136.196.122;17;60;231.24 KB;29 Aug 2014 - 05:24
82.181.183.163;17;95;3.33 MB;30 Aug 2014 - 03:24
54.164.176.101;17;17;4.96 KB;25 Aug 2014 - 17:29
95.44.117.235;17;85;324.60 KB;22 Aug 2014 - 07:12
85.76.51.13;17;91;3.23 MB;29 Aug 2014 - 05:24
109.204.189.123;17;65;317.71 KB;29 Aug 2014 - 06:19
188.238.57.243;17;66;376.29 KB;30 Aug 2014 - 08:37
84.248.187.10;17;56;315.00 KB;29 Aug 2014 - 08:00
84.249.120.214;17;56;373.81 KB;26 Aug 2014 - 08:54
85.76.66.72;16;109;375.23 KB;29 Aug 2014 - 06:37
80.222.205.211;16;81;109.90 KB;29 Aug 2014 - 15:48
137.163.16.102;16;60;298.92 KB;29 Aug 2014 - 07:24
91.157.229.55;16;55;351.43 KB;29 Aug 2014 - 05:27
88.115.36.229;16;55;311.59 KB;29 Aug 2014 - 05:33
178.75.150.71;16;58;243.74 KB;29 Aug 2014 - 08:33
193.184.9.130;16;132;123.58 KB;29 Aug 2014 - 09:03
82.181.200.220;16;64;291.42 KB;20 Aug 2014 - 15:55
212.149.183.53;16;92;3.29 MB;29 Aug 2014 - 05:14
91.156.56.77;16;56;118.80 KB;29 Aug 2014 - 09:04
212.182.219.122;16;98;3.74 MB;29 Aug 2014 - 05:24
195.8.54.7;16;55;118.49 KB;29 Aug 2014 - 07:24
91.145.93.245;16;59;298.42 KB;29 Aug 2014 - 07:10
109.240.165.158;16;55;285.92 KB;30 Aug 2014 - 00:49
80.221.156.176;16;71;232.56 KB;30 Aug 2014 - 16:45
77.246.195.133;16;59;305.36 KB;29 Aug 2014 - 05:34
91.158.222.61;16;64;272.54 KB;30 Aug 2014 - 02:44
192.130.224.25;16;84;1.40 MB;30 Aug 2014 - 00:11
184.73.13.65;16;16;236.74 KB;28 Aug 2014 - 05:59
192.194.251.16;16;56;275.62 KB;29 Aug 2014 - 10:37
88.112.70.181;16;200;8.53 MB;30 Aug 2014 - 04:40
84.230.188.190;16;55;307.82 KB;30 Aug 2014 - 06:52
193.64.46.138;16;81;1.05 MB;29 Aug 2014 - 05:25
90.225.67.80;16;72;324.92 KB;21 Aug 2014 - 05:48
87.93.148.186;16;55;163.00 KB;29 Aug 2014 - 10:55
130.233.213.74;16;60;366.43 KB;29 Aug 2014 - 08:35
91.153.193.111;16;63;317.15 KB;29 Aug 2014 - 13:03
192.176.1.88;16;240;409.52 KB;21 Aug 2014 - 10:28
93.106.65.193;16;152;303.43 KB;30 Aug 2014 - 18:30
128.214.50.24;16;89;406.24 KB;29 Aug 2014 - 06:37
88.114.94.77;16;92;384.75 KB;29 Aug 2014 - 06:54
90.233.246.71;16;152;310.70 KB;24 Aug 2014 - 16:03
128.214.202.152;16;93;356.53 KB;29 Aug 2014 - 05:54
212.149.190.25;16;55;310.21 KB;29 Aug 2014 - 16:48
62.165.150.66;16;55;161.92 KB;29 Aug 2014 - 05:27
2.71.204.14;16;62;407.98 KB;23 Aug 2014 - 07:36
85.76.67.97;16;19;307.48 KB;29 Aug 2014 - 08:43
93.106.119.122;16;58;266.41 KB;29 Aug 2014 - 11:21
91.145.65.2;16;55;370.37 KB;30 Aug 2014 - 08:51
188.67.65.43;16;55;313.50 KB;29 Aug 2014 - 16:53
88.112.113.90;16;60;320.68 KB;29 Aug 2014 - 16:37
83.255.156.153;16;109;404.81 KB;21 Aug 2014 - 00:08
86.60.182.16;16;56;268.28 KB;29 Aug 2014 - 10:27
109.240.119.88;16;58;91.08 KB;29 Aug 2014 - 05:46
109.240.127.49;16;55;213.13 KB;29 Aug 2014 - 05:36
46.30.132.204;16;17;194.56 KB;29 Aug 2014 - 07:38
84.250.151.160;16;56;312.19 KB;29 Aug 2014 - 08:35
93.106.43.16;16;55;199.22 KB;30 Aug 2014 - 03:23
65.52.244.38;16;16;271.81 KB;26 Aug 2014 - 14:28
84.251.211.198;16;53;73.89 KB;29 Aug 2014 - 07:45
87.93.86.176;16;98;3.69 MB;29 Aug 2014 - 05:24
85.76.141.90;16;64;178.57 KB;29 Aug 2014 - 09:03
93.106.84.63;16;58;283.32 KB;29 Aug 2014 - 05:27
37.136.146.196;16;98;3.73 MB;31 Aug 2014 - 03:28
109.76.236.210;16;66;295.19 KB;24 Aug 2014 - 18:16
80.220.206.128;16;55;363.68 KB;31 Aug 2014 - 01:41
85.76.77.211;16;150;7.62 MB;29 Aug 2014 - 05:16
62.73.37.30;16;58;281.80 KB;29 Aug 2014 - 07:01
85.76.151.155;16;59;298.87 KB;29 Aug 2014 - 09:24
91.156.155.82;16;92;3.33 MB;29 Aug 2014 - 05:21
86.46.56.194;16;41;346.90 KB;28 Aug 2014 - 09:21
88.115.168.4;16;92;3.33 MB;30 Aug 2014 - 04:38
213.113.5.205;16;139;286.79 KB;22 Aug 2014 - 03:10
88.85.132.40;16;55;307.44 KB;29 Aug 2014 - 07:37
62.241.227.237;16;55;266.15 KB;29 Aug 2014 - 14:27
87.92.104.210;16;92;404.25 KB;29 Aug 2014 - 06:15
82.181.43.159;16;55;308.50 KB;29 Aug 2014 - 05:24
195.156.244.164;16;100;3.66 MB;29 Aug 2014 - 06:25
109.240.96.236;16;60;306.29 KB;29 Aug 2014 - 05:49
31.172.155.197;16;94;3.27 MB;29 Aug 2014 - 06:51
77.234.109.98;16;64;290.57 KB;29 Aug 2014 - 05:31
188.67.109.40;16;55;74.33 KB;29 Aug 2014 - 12:24
77.95.145.41;16;98;3.81 MB;29 Aug 2014 - 05:25
82.181.118.23;16;72;187.79 KB;26 Aug 2014 - 08:52
82.181.12.35;16;59;302.15 KB;29 Aug 2014 - 09:28
217.152.223.10;16;131;279.35 KB;29 Aug 2014 - 08:41
82.181.254.208;16;55;307.16 KB;29 Aug 2014 - 18:26
84.249.193.4;16;53;73.87 KB;30 Aug 2014 - 06:40
195.148.36.108;16;240;1.67 MB;29 Aug 2014 - 06:13
83.250.77.222;16;84;305.67 KB;20 Aug 2014 - 06:59
145.62.32.129;16;163;432.50 KB;29 Aug 2014 - 05:30
91.153.255.15;16;92;3.40 MB;31 Aug 2014 - 04:41
85.76.80.43;16;74;378.81 KB;20 Aug 2014 - 23:34
80.244.70.68;16;258;12.39 MB;21 Aug 2014 - 03:28
164.5.37.12;15;176;449.36 KB;29 Aug 2014 - 06:34
84.249.245.112;15;94;223.83 KB;29 Aug 2014 - 09:35
54.164.176.86;15;15;4.39 KB;25 Aug 2014 - 23:39
88.115.175.45;15;58;312.39 KB;29 Aug 2014 - 10:06
109.240.183.61;15;59;168.76 KB;29 Aug 2014 - 08:30
84.239.241.142;15;55;291.23 KB;29 Aug 2014 - 05:34
80.248.240.46;15;60;293.85 KB;26 Aug 2014 - 13:25
62.78.243.187;15;57;336.86 KB;29 Aug 2014 - 08:21
81.22.162.228;15;130;3.23 MB;29 Aug 2014 - 05:08
81.197.104.252;15;54;293.41 KB;29 Aug 2014 - 07:15
84.250.36.196;15;59;248.76 KB;29 Aug 2014 - 05:48
88.114.209.220;15;55;162.49 KB;30 Aug 2014 - 07:50
88.112.81.213;15;59;321.68 KB;30 Aug 2014 - 01:32
85.76.143.204;15;52;88.68 KB;29 Aug 2014 - 05:40
82.181.252.178;15;128;296.82 KB;29 Aug 2014 - 09:15
88.115.183.162;15;54;208.26 KB;27 Aug 2014 - 15:30
193.166.246.194;15;83;222.33 KB;29 Aug 2014 - 07:42
178.55.105.81;15;60;323.50 KB;30 Aug 2014 - 15:54
91.157.17.17;15;54;312.07 KB;29 Aug 2014 - 14:11
194.215.201.78;15;237;6.32 MB;29 Aug 2014 - 06:39
85.157.164.77;15;64;263.05 KB;26 Aug 2014 - 07:42
89.190.8.40;15;55;260.26 KB;31 Aug 2014 - 02:00
87.92.159.154;15;54;118.50 KB;30 Aug 2014 - 06:26
164.143.240.34;15;142;448.05 KB;29 Aug 2014 - 08:47
82.199.174.64;15;92;398.96 KB;29 Aug 2014 - 15:31
176.253.244.89;15;109;377.87 KB;21 Aug 2014 - 01:13
213.143.165.35;15;55;265.63 KB;29 Aug 2014 - 05:39
194.202.213.254;15;91;366.70 KB;20 Aug 2014 - 07:30
93.106.19.15;15;57;244.28 KB;29 Aug 2014 - 10:05
88.195.18.234;15;59;264.50 KB;29 Aug 2014 - 12:00
85.76.49.95;15;54;223.27 KB;29 Aug 2014 - 07:10
93.106.229.249;15;91;340.20 KB;29 Aug 2014 - 06:01
88.193.62.163;15;99;275.06 KB;30 Aug 2014 - 02:36
188.64.4.53;15;55;117.38 KB;29 Aug 2014 - 05:46
80.223.100.169;15;54;308.35 KB;29 Aug 2014 - 11:15
192.176.1.84;15;70;359.15 KB;21 Aug 2014 - 08:43
78.16.1.209;15;88;219.22 KB;28 Aug 2014 - 12:42
91.154.212.113;15;57;334.87 KB;30 Aug 2014 - 02:38
109.240.235.193;15;54;267.05 KB;29 Aug 2014 - 13:57
91.157.165.180;15;93;330.76 KB;29 Aug 2014 - 06:28
134.37.255.5;15;114;444.04 KB;27 Aug 2014 - 07:06
80.248.114.16;15;54;121.39 KB;29 Aug 2014 - 05:31
80.221.239.190;15;54;214.57 KB;29 Aug 2014 - 14:25
194.136.183.15;15;141;3.72 MB;29 Aug 2014 - 06:58
83.249.213.194;15;175;308.25 KB;29 Aug 2014 - 09:29
81.175.194.36;15;54;356.40 KB;31 Aug 2014 - 01:59
81.175.237.225;15;54;264.28 KB;30 Aug 2014 - 17:37
188.238.22.43;15;16;263.60 KB;29 Aug 2014 - 08:42
83.148.219.148;15;54;341.29 KB;25 Aug 2014 - 14:38
173.0.2.40;15;21;289.69 KB;19 Aug 2014 - 13:39
88.112.135.142;15;62;312.29 KB;30 Aug 2014 - 12:54
192.130.224.24;15;103;2.23 MB;30 Aug 2014 - 00:12
194.137.194.86;15;88;422.76 KB;29 Aug 2014 - 05:59
130.231.224.65;15;93;3.29 MB;29 Aug 2014 - 05:12
188.141.74.170;15;68;186.58 KB;28 Aug 2014 - 16:01
90.232.170.170;15;74;1.56 MB;10 Aug 2014 - 12:25
91.158.24.161;15;63;290.54 KB;29 Aug 2014 - 05:45
85.76.85.135;15;58;327.00 KB;30 Aug 2014 - 07:44
91.155.246.27;15;55;162.69 KB;29 Aug 2014 - 10:11
194.211.118.24;15;422;433.03 KB;29 Aug 2014 - 06:09
192.58.30.28;15;202;313.21 KB;29 Aug 2014 - 06:10
84.239.131.83;15;60;205.44 KB;29 Aug 2014 - 05:52
88.114.202.168;15;57;320.93 KB;30 Aug 2014 - 12:31
128.214.58.81;15;54;304.69 KB;29 Aug 2014 - 07:02
84.248.219.87;15;66;317.87 KB;30 Aug 2014 - 07:46
109.240.196.91;15;54;260.27 KB;29 Aug 2014 - 05:43
178.55.92.42;15;54;203.95 KB;29 Aug 2014 - 16:06
85.157.20.141;15;61;280.67 KB;29 Aug 2014 - 07:59
5.69.188.97;15;121;409.65 KB;26 Aug 2014 - 10:05
85.76.84.160;15;52;88.64 KB;29 Aug 2014 - 08:16
217.152.84.100;15;55;316.11 KB;29 Aug 2014 - 07:32
80.222.85.249;15;101;3.74 MB;29 Aug 2014 - 05:22
88.148.176.5;15;64;235.33 KB;29 Aug 2014 - 23:41
81.209.107.106;15;54;121.47 KB;29 Aug 2014 - 21:55
178.55.104.237;15;54;329.78 KB;29 Aug 2014 - 07:55
80.222.118.218;15;55;179.04 KB;29 Aug 2014 - 09:44
188.67.70.230;15;57;296.99 KB;29 Aug 2014 - 05:33
84.248.93.229;15;54;305.86 KB;29 Aug 2014 - 09:47
84.250.105.158;15;58;230.46 KB;30 Aug 2014 - 00:43
95.83.254.133;15;128;273.59 KB;21 Aug 2014 - 18:13
85.76.50.62;15;57;90.76 KB;29 Aug 2014 - 08:14
54.75.148.217;15;122;7.47 MB;23 Aug 2014 - 05:07
91.157.187.205;15;55;231.62 KB;29 Aug 2014 - 12:30
188.67.5.175;15;61;192.52 KB;29 Aug 2014 - 09:19
91.153.116.1;15;89;314.04 KB;30 Aug 2014 - 09:17
139.74.217.24;15;93;3.34 MB;29 Aug 2014 - 05:15
87.93.156.217;15;54;324.00 KB;30 Aug 2014 - 07:09
85.76.138.60;15;63;155.50 KB;29 Aug 2014 - 07:52
194.136.120.11;15;54;356.99 KB;29 Aug 2014 - 05:38
90.131.127.176;15;101;197.11 KB;18 Aug 2014 - 09:15
188.67.12.4;15;84;301.87 KB;29 Aug 2014 - 09:44
188.238.39.210;15;54;285.31 KB;27 Aug 2014 - 14:25
62.109.60.178;15;85;313.35 KB;29 Aug 2014 - 07:04
178.75.182.148;15;52;73.66 KB;29 Aug 2014 - 08:14
88.192.89.168;15;158;7.49 MB;31 Aug 2014 - 03:51
193.184.63.63;15;53;73.87 KB;29 Aug 2014 - 05:34
37.136.115.225;15;58;343.25 KB;29 Aug 2014 - 16:02
130.233.206.148;15;89;3.28 MB;29 Aug 2014 - 05:20
54.197.17.213;15;15;285.95 KB;19 Aug 2014 - 20:49
88.193.92.233;15;52;73.63 KB;29 Aug 2014 - 16:36
85.76.82.162;15;59;317.20 KB;29 Aug 2014 - 05:44
80.223.142.184;15;71;313.55 KB;26 Aug 2014 - 12:49
82.181.174.76;15;87;3.12 MB;29 Aug 2014 - 05:17
82.215.199.10;15;62;255.17 KB;29 Aug 2014 - 07:47
54.164.175.214;15;15;4.44 KB;26 Aug 2014 - 14:10
194.251.119.196;15;140;4.22 MB;29 Aug 2014 - 06:29
85.76.51.191;15;91;388.82 KB;29 Aug 2014 - 06:07
82.181.164.82;14;51;145.66 KB;29 Aug 2014 - 05:22
37.136.174.12;14;56;269.21 KB;29 Aug 2014 - 05:31
85.76.130.108;14;62;171.42 KB;29 Aug 2014 - 23:25
95.83.254.62;14;90;230.56 KB;23 Aug 2014 - 11:02
84.203.192.234;14;88;186.96 KB;20 Aug 2014 - 06:57
194.251.119.197;14;54;147.15 KB;29 Aug 2014 - 07:25
88.195.192.192;14;61;200.51 KB;30 Aug 2014 - 05:58
84.250.8.139;14;56;247.74 KB;29 Aug 2014 - 09:29
88.112.131.50;14;57;154.23 KB;29 Aug 2014 - 09:23
83.145.237.60;14;51;73.27 KB;29 Aug 2014 - 05:39
186.103.180.218;14;114;407.09 KB;20 Aug 2014 - 11:29
77.109.252.216;14;54;104.75 KB;29 Aug 2014 - 05:21
91.145.69.56;14;56;244.77 KB;29 Aug 2014 - 11:26
91.154.157.252;14;59;167.83 KB;29 Aug 2014 - 07:26
84.251.31.39;14;87;369.10 KB;29 Aug 2014 - 06:48
84.250.70.226;14;57;260.89 KB;29 Aug 2014 - 16:05
176.10.249.100;14;142;1.08 MB;26 Aug 2014 - 03:47
83.150.117.5;14;62;264.45 KB;29 Aug 2014 - 15:11
85.76.130.3;14;53;262.24 KB;29 Aug 2014 - 07:10
188.238.115.107;14;90;306.36 KB;29 Aug 2014 - 06:19
159.255.227.49;14;57;247.19 KB;29 Aug 2014 - 12:58
178.55.58.11;14;61;231.75 KB;30 Aug 2014 - 10:35
84.250.125.163;14;97;264.59 KB;20 Aug 2014 - 00:28
193.110.110.4;14;59;139.96 KB;29 Aug 2014 - 05:28
212.146.61.126;14;92;281.83 KB;29 Aug 2014 - 07:07
194.157.78.194;14;61;152.03 KB;29 Aug 2014 - 05:24
212.149.234.134;14;56;253.99 KB;30 Aug 2014 - 00:12
85.23.236.52;14;88;141.45 KB;30 Aug 2014 - 00:52
91.158.229.128;14;53;257.43 KB;30 Aug 2014 - 12:59
85.76.79.53;14;113;288.39 KB;29 Aug 2014 - 09:56
88.115.64.25;14;53;302.95 KB;29 Aug 2014 - 15:25
88.112.225.217;14;126;332.62 KB;29 Aug 2014 - 07:10
82.181.211.201;14;53;264.99 KB;29 Aug 2014 - 05:46
78.73.66.85;14;65;350.26 KB;21 Aug 2014 - 13:04
188.67.250.146;14;92;331.51 KB;29 Aug 2014 - 06:19
87.93.155.206;14;55;262.53 KB;29 Aug 2014 - 14:05
91.157.19.112;14;53;254.21 KB;29 Aug 2014 - 07:37
109.76.228.127;14;80;2.14 MB;24 Aug 2014 - 04:10
91.156.27.78;14;90;186.48 KB;29 Aug 2014 - 08:40
130.233.207.36;14;65;283.67 KB;25 Aug 2014 - 07:14
84.248.218.27;14;53;270.49 KB;29 Aug 2014 - 05:46
91.156.41.122;14;53;217.96 KB;29 Aug 2014 - 09:11
188.238.110.120;14;61;233.55 KB;29 Aug 2014 - 06:38
93.106.51.67;14;93;266.81 KB;29 Aug 2014 - 10:02
88.114.8.25;14;62;249.79 KB;30 Aug 2014 - 14:39
88.115.61.129;14;53;265.53 KB;30 Aug 2014 - 07:37
82.118.214.3;14;123;3.16 MB;29 Aug 2014 - 05:31
213.240.81.111;14;62;273.35 KB;29 Aug 2014 - 18:40
185.11.210.41;14;88;3.10 MB;29 Aug 2014 - 05:11
88.193.93.243;14;90;203.40 KB;29 Aug 2014 - 11:25
62.73.46.90;14;125;384.29 KB;29 Aug 2014 - 06:30
85.76.68.32;14;69;307.96 KB;31 Aug 2014 - 04:32
84.250.115.184;14;171;8.14 MB;24 Aug 2014 - 06:29
79.97.36.51;14;89;246.49 KB;22 Aug 2014 - 17:04
85.76.82.195;14;56;268.86 KB;30 Aug 2014 - 10:36
37.136.92.205;14;54;211.77 KB;30 Aug 2014 - 01:31
82.181.225.174;14;110;177.84 KB;27 Aug 2014 - 14:43
84.250.6.4;14;53;117.85 KB;29 Aug 2014 - 09:42
95.172.74.68;14;92;316.86 KB;20 Aug 2014 - 08:26
85.76.132.100;14;54;118.40 KB;30 Aug 2014 - 10:40
37.136.194.55;14;51;103.28 KB;29 Aug 2014 - 08:37
91.156.188.182;14;51;73.29 KB;29 Aug 2014 - 05:23
80.111.235.160;14;70;314.32 KB;23 Aug 2014 - 11:58
130.234.183.179;14;141;1.08 MB;29 Aug 2014 - 13:45
83.102.65.61;14;53;255.92 KB;29 Aug 2014 - 07:03
87.92.137.143;14;86;3.09 MB;28 Aug 2014 - 04:25
93.106.36.171;14;62;262.64 KB;26 Aug 2014 - 05:56
91.142.236.19;14;126;2.67 MB;24 Aug 2014 - 12:04
88.112.231.226;14;57;246.47 KB;31 Aug 2014 - 02:00
91.156.52.199;14;53;163.19 KB;29 Aug 2014 - 12:45
84.253.253.209;14;74;1004.76 KB;29 Aug 2014 - 07:01
88.115.158.167;14;57;182.34 KB;29 Aug 2014 - 20:04
86.41.71.62;14;159;4.00 MB;23 Aug 2014 - 11:17
80.186.163.217;14;53;240.91 KB;29 Aug 2014 - 13:17
62.78.212.159;14;53;220.24 KB;29 Aug 2014 - 14:49
86.115.30.82;14;53;173.73 KB;29 Aug 2014 - 09:35
85.76.51.64;14;114;238.46 KB;30 Aug 2014 - 08:02
94.234.170.68;14;179;264.57 KB;29 Aug 2014 - 15:44
85.76.149.104;14;75;280.53 KB;29 Aug 2014 - 11:21
88.113.140.244;14;55;116.05 KB;29 Aug 2014 - 18:21
213.233.132.133;14;55;258.66 KB;20 Aug 2014 - 15:45
78.82.205.34;14;67;223.90 KB;20 Aug 2014 - 01:12
109.204.133.137;14;54;260.16 KB;29 Aug 2014 - 14:13
213.250.110.99;14;54;168.60 KB;29 Aug 2014 - 07:36
81.227.252.246;14;99;290.51 KB;21 Aug 2014 - 13:08
91.195.246.200;14;119;318.53 KB;29 Aug 2014 - 08:05
89.166.68.232;14;74;898.48 KB;26 Aug 2014 - 10:34
193.65.112.65;14;78;253.62 KB;29 Aug 2014 - 05:24
83.145.226.46;14;53;218.07 KB;29 Aug 2014 - 07:32
93.106.57.176;14;96;3.70 MB;29 Aug 2014 - 05:20
188.94.68.98;14;90;129.28 KB;30 Aug 2014 - 00:37
88.192.80.136;14;58;252.00 KB;31 Aug 2014 - 02:06
85.76.51.48;14;53;265.04 KB;30 Aug 2014 - 02:30
212.246.151.65;14;90;3.24 MB;29 Aug 2014 - 05:10
192.58.74.40;14;126;3.17 MB;29 Aug 2014 - 05:39
93.106.96.207;14;51;100.50 KB;29 Aug 2014 - 09:25
212.16.187.188;14;150;4.46 MB;22 Aug 2014 - 07:06
82.181.30.67;14;82;417.03 KB;29 Aug 2014 - 06:32
62.148.209.167;14;53;252.60 KB;29 Aug 2014 - 05:54
83.251.139.177;14;184;7.72 MB;30 Aug 2014 - 04:38
85.76.75.91;14;52;73.39 KB;29 Aug 2014 - 07:14
83.148.228.227;14;53;215.15 KB;29 Aug 2014 - 07:54
81.175.175.213;14;100;3.68 MB;29 Aug 2014 - 05:22
84.231.151.69;14;53;221.14 KB;29 Aug 2014 - 07:33
88.115.191.100;14;103;332.38 KB;29 Aug 2014 - 06:19
88.114.219.35;14;62;283.78 KB;29 Aug 2014 - 06:56
87.93.43.181;14;51;73.13 KB;29 Aug 2014 - 17:48
91.159.7.26;14;131;313.57 KB;31 Aug 2014 - 03:18
178.167.254.181;14;81;177.66 KB;29 Aug 2014 - 01:32
78.41.240.74;14;224;3.62 MB;29 Aug 2014 - 07:15
213.216.238.248;14;52;73.49 KB;29 Aug 2014 - 13:19
82.133.140.170;14;178;6.46 MB;29 Aug 2014 - 05:19
88.195.241.118;14;57;248.21 KB;29 Aug 2014 - 09:48
188.238.174.76;14;54;305.07 KB;29 Aug 2014 - 12:29
80.223.30.106;13;52;121.98 KB;29 Aug 2014 - 08:25
88.115.111.152;13;53;263.35 KB;29 Aug 2014 - 07:58
85.115.58.180;13;52;213.97 KB;29 Aug 2014 - 05:47
62.248.171.51;13;52;257.86 KB;29 Aug 2014 - 14:03
91.152.97.195;13;52;210.59 KB;30 Aug 2014 - 06:06
194.14.121.1;13;176;8.61 MB;20 Aug 2014 - 04:39
88.112.125.225;13;81;299.13 KB;29 Aug 2014 - 05:48
88.113.185.138;13;50;72.95 KB;29 Aug 2014 - 14:06
91.152.98.121;13;52;303.54 KB;29 Aug 2014 - 07:10
85.76.79.9;13;74;200.56 KB;29 Aug 2014 - 17:01
88.115.27.81;13;83;328.80 KB;29 Aug 2014 - 06:04
88.112.203.40;13;52;213.12 KB;29 Aug 2014 - 10:12
85.76.84.121;13;89;266.23 KB;29 Aug 2014 - 05:57
193.167.97.6;13;208;3.28 MB;29 Aug 2014 - 06:21
193.210.65.69;13;157;256.26 KB;29 Aug 2014 - 05:58
82.148.162.126;13;89;293.81 KB;19 Aug 2014 - 17:27
81.232.9.132;13;104;310.55 KB;24 Aug 2014 - 10:05
188.238.195.127;13;124;3.22 MB;30 Aug 2014 - 03:19
88.114.214.143;13;58;255.15 KB;26 Aug 2014 - 16:07
87.94.51.14;13;263;250.98 KB;29 Aug 2014 - 08:22
88.112.44.173;13;53;191.49 KB;25 Aug 2014 - 07:04
193.143.201.113;13;154;3.20 MB;29 Aug 2014 - 05:57
91.155.160.236;13;52;255.61 KB;29 Aug 2014 - 07:35
84.249.123.64;13;52;309.23 KB;29 Aug 2014 - 09:46
192.130.34.162;13;104;246.30 KB;29 Aug 2014 - 06:51
178.55.214.14;13;91;3.27 MB;31 Aug 2014 - 03:59
93.106.64.94;13;53;309.40 KB;29 Aug 2014 - 08:43
109.255.80.40;13;47;260.75 KB;22 Aug 2014 - 08:20
54.164.182.78;13;13;3.87 KB;27 Aug 2014 - 02:33
109.240.134.137;13;52;122.08 KB;29 Aug 2014 - 10:06
54.164.185.18;13;13;3.93 KB;25 Aug 2014 - 15:44
85.76.141.252;13;85;3.09 MB;29 Aug 2014 - 05:19
93.106.211.91;13;14;108.02 KB;29 Aug 2014 - 16:59
80.221.96.126;13;161;6.34 MB;25 Aug 2014 - 05:49
83.209.248.95;13;110;307.73 KB;21 Aug 2014 - 16:28
83.249.199.57;13;77;199.23 KB;21 Aug 2014 - 13:54
84.250.137.253;13;59;292.73 KB;29 Aug 2014 - 15:14
91.153.223.229;13;85;368.21 KB;29 Aug 2014 - 06:14
88.115.173.210;13;53;260.96 KB;29 Aug 2014 - 07:13
128.214.71.118;13;89;304.78 KB;29 Aug 2014 - 06:12
91.102.27.1;13;162;1.62 MB;29 Aug 2014 - 06:25
85.76.87.94;13;55;224.32 KB;29 Aug 2014 - 14:04
178.150.142.129;13;13;259.11 KB;28 Aug 2014 - 15:34
84.250.180.112;13;52;117.82 KB;30 Aug 2014 - 09:45
84.250.169.109;13;55;117.24 KB;29 Aug 2014 - 05:48
89.166.19.155;13;89;266.02 KB;29 Aug 2014 - 06:52
89.166.17.144;13;52;167.61 KB;30 Aug 2014 - 02:25
93.106.84.66;13;55;245.05 KB;29 Aug 2014 - 09:27
91.153.68.113;13;52;215.21 KB;29 Aug 2014 - 08:34
88.114.0.207;13;50;72.88 KB;29 Aug 2014 - 09:32
109.240.67.100;13;53;305.94 KB;30 Aug 2014 - 11:04
88.148.183.34;13;51;73.07 KB;30 Aug 2014 - 15:39
37.219.140.245;13;52;163.32 KB;30 Aug 2014 - 17:13
217.119.46.20;13;52;301.48 KB;29 Aug 2014 - 05:38
195.237.35.149;13;54;311.23 KB;29 Aug 2014 - 05:39
84.250.55.75;13;95;227.80 KB;26 Aug 2014 - 00:19
91.156.134.52;13;130;279.83 KB;21 Aug 2014 - 14:43
91.153.127.193;13;52;117.93 KB;29 Aug 2014 - 08:55
109.240.121.186;13;89;126.66 KB;30 Aug 2014 - 23:23
213.243.164.206;13;61;243.56 KB;29 Aug 2014 - 06:21
93.106.87.17;13;93;176.02 KB;26 Aug 2014 - 15:22
109.204.213.186;13;61;245.55 KB;29 Aug 2014 - 09:39
88.115.213.37;13;51;88.06 KB;29 Aug 2014 - 09:38
90.236.45.96;13;69;245.91 KB;19 Aug 2014 - 18:07
109.204.176.16;13;53;189.74 KB;29 Aug 2014 - 07:32
91.154.75.76;13;89;3.28 MB;29 Aug 2014 - 05:15
77.86.215.1;13;55;89.98 KB;29 Aug 2014 - 08:15
88.112.64.146;13;52;217.79 KB;29 Aug 2014 - 09:59
88.113.132.121;13;53;259.74 KB;29 Aug 2014 - 11:07
193.184.20.193;13;123;3.76 MB;29 Aug 2014 - 05:52
193.184.105.72;13;53;213.27 KB;29 Aug 2014 - 07:15
188.238.122.67;13;82;177.47 KB;29 Aug 2014 - 05:26
91.154.138.94;13;50;87.86 KB;29 Aug 2014 - 10:13
89.101.56.12;13;48;107.97 KB;20 Aug 2014 - 17:01
15.203.169.124;13;184;7.78 MB;29 Aug 2014 - 05:22
86.43.106.119;13;87;2.53 MB;20 Aug 2014 - 06:21
93.106.16.254;13;105;3.72 MB;31 Aug 2014 - 04:33
192.89.32.20;13;131;260.58 KB;29 Aug 2014 - 06:34
85.76.74.122;13;121;253.67 KB;29 Aug 2014 - 06:32
194.50.168.71;13;55;171.96 KB;29 Aug 2014 - 06:55
89.166.38.14;13;55;89.98 KB;29 Aug 2014 - 07:18
80.220.20.207;13;89;368.50 KB;29 Aug 2014 - 06:10
79.97.87.87;13;80;245.95 KB;20 Aug 2014 - 15:49
87.95.23.173;13;50;72.81 KB;31 Aug 2014 - 02:17
82.181.68.10;13;61;274.69 KB;20 Aug 2014 - 15:38
130.232.71.166;13;89;276.11 KB;29 Aug 2014 - 06:44
80.220.8.104;13;55;150.44 KB;29 Aug 2014 - 06:19
193.211.30.169;13;89;288.56 KB;29 Aug 2014 - 06:01
109.204.205.250;13;52;212.17 KB;29 Aug 2014 - 05:33
88.112.228.184;13;99;240.73 KB;25 Aug 2014 - 11:37
87.93.96.224;13;52;238.25 KB;29 Aug 2014 - 06:58
176.10.252.119;13;105;249.27 KB;20 Aug 2014 - 01:57
130.233.94.138;13;89;322.64 KB;29 Aug 2014 - 06:02
80.216.112.14;13;84;273.07 KB;20 Aug 2014 - 00:26
89.27.24.177;13;52;145.21 KB;29 Aug 2014 - 16:51
212.149.196.35;13;53;308.41 KB;29 Aug 2014 - 15:29
213.35.174.93;13;129;270.73 KB;29 Aug 2014 - 10:07
212.68.18.140;13;61;259.55 KB;29 Aug 2014 - 06:30
86.40.33.218;13;48;233.35 KB;24 Aug 2014 - 17:57
213.243.176.30;13;50;73.00 KB;29 Aug 2014 - 06:59
86.115.93.141;13;55;147.96 KB;29 Aug 2014 - 11:21
54.164.7.81;13;13;3.71 KB;26 Aug 2014 - 12:13
83.219.204.6;13;63;319.28 KB;20 Aug 2014 - 18:16
93.106.114.105;13;52;167.59 KB;31 Aug 2014 - 02:28
12.208.218.130;13;59;260.16 KB;27 Aug 2014 - 09:09
85.76.139.96;13;84;277.22 KB;29 Aug 2014 - 11:38
109.79.238.179;13;87;273.15 KB;23 Aug 2014 - 18:03
88.193.189.119;13;52;213.75 KB;29 Aug 2014 - 09:29
109.240.165.173;13;57;133.60 KB;29 Aug 2014 - 13:11
85.157.2.21;13;57;289.85 KB;29 Aug 2014 - 09:49
88.192.88.187;13;53;304.12 KB;25 Aug 2014 - 13:20
83.145.204.214;13;50;100.16 KB;29 Aug 2014 - 08:00
88.114.240.103;13;91;3.29 MB;31 Aug 2014 - 05:11
85.76.83.156;13;81;248.31 KB;29 Aug 2014 - 05:39
84.250.69.7;13;55;239.46 KB;29 Aug 2014 - 14:51
91.158.102.97;13;50;72.81 KB;29 Aug 2014 - 09:10
194.240.162.129;13;89;235.93 KB;29 Aug 2014 - 08:04
82.181.36.96;13;58;210.60 KB;29 Aug 2014 - 09:56
77.105.90.99;13;59;106.84 KB;29 Aug 2014 - 08:31
91.154.177.25;13;52;227.88 KB;31 Aug 2014 - 02:33
95.44.109.20;13;104;2.53 MB;22 Aug 2014 - 04:06
91.154.102.161;13;52;223.71 KB;29 Aug 2014 - 10:48
80.221.113.207;13;53;301.43 KB;29 Aug 2014 - 07:06
85.76.50.150;13;53;287.83 KB;29 Aug 2014 - 11:01
80.220.21.129;13;52;164.83 KB;30 Aug 2014 - 03:19
91.152.104.209;13;50;72.79 KB;29 Aug 2014 - 06:59
85.76.66.192;13;50;72.79 KB;29 Aug 2014 - 14:41
88.112.191.204;13;52;162.21 KB;29 Aug 2014 - 13:12
188.238.82.92;13;52;254.01 KB;29 Aug 2014 - 09:23
188.238.128.126;13;52;208.24 KB;29 Aug 2014 - 05:25
37.219.224.136;13;13;258.89 KB;29 Aug 2014 - 05:36
54.164.130.233;13;13;3.71 KB;21 Aug 2014 - 11:57
188.238.129.197;13;53;220.85 KB;30 Aug 2014 - 08:07
94.22.178.182;13;55;120.02 KB;29 Aug 2014 - 09:07
81.16.66.9;13;87;284.50 KB;29 Aug 2014 - 06:01
37.136.13.39;13;52;225.64 KB;29 Aug 2014 - 05:26
88.186.108.116;13;151;391.43 KB;19 Aug 2014 - 17:06
178.55.99.18;13;52;209.48 KB;29 Aug 2014 - 07:22
54.164.130.197;13;13;3.71 KB;21 Aug 2014 - 10:02
87.93.81.250;13;53;217.08 KB;29 Aug 2014 - 07:27
;;;;
